Toyosaki,Aki,1986,10,28
Akesaka,Satomi,1988,1,2
Ikeda,Masako,1939,1,1
Midori,Junko,1993,1,1
Toyoguchi,Megumi,1978,1,2
Itou,Kentarou,1974,1,3
Tanaka,Rie,1979,1,3
Tao,Miyako,1968,1,4
Fujimoto,Takayuki,1976,1,5
Yukana,,1975,1,6
Mikami,Shiori,1989,1,6
Honna,Youko,1983,1,7
Itou,Maiko,1964,1,7
Gotou,Saori,1987,1,8
Mizusawa,Fumie,1980,1,9
Maeda,Takeshi,1975,1,10
Ichiki,Mitsuhiro,1982,1,10
Yuzuki,Ryouka,1974,1,10
Fukuen,Misato,1982,1,10
Mitsuhashi,Kanako,1978,1,10
Ono,Kenichi,1958,1,11
Hikami,Kyouko,1969,1,11
Hashimoto,Kouichi,1953,1,12
Oura,Fuyuka,1978,1,13
Misawa,Sachika,1993,1,13
Kaida,Yuuko,1980,1,14
Yonaga,Tsubasa,1984,1,15
Tanaka,Mayumi,1955,1,15
Oka,Kazuo,1948,1,15
Hino,Yurika,1963,1,16
Koyama,Mami,1955,1,17
Mizushima,Yuu,1956,1,18
Kojima,Sachiko,1955,1,18
Makino,Yui,1986,1,19
Aizawa,Masaki,1965,1,19
Inoue,Marina,1985,1,20
Amada,Masuo,1958,1,20
Mizuki,Nana,1980,1,21
Paku,Romi,1972,1,22
Nakahara,Shigeru,1961,1,22
Takato,Yasuhiro,1968,1,23
Matsunaga,Maho,1993,1,23
Nozomu,Sasaki,1967,1,25
Azuma,Masataka,,1,25
Kobayashi,Sanae,1970,1,26
Morikawa,Toshiyuki,1967,1,26
Narita,Sayaka,1980,1,26
Tanaka,Ryouichi,1947,1,26
Nakata,Kouji,1939,1,26
Ishikawa,Masaaki,1975,1,27
Emori,Hiroko,1961,1,27
Koyama,Kimiko,1979,1,27
Kamiya,Hiroshi,1975,1,28
Kimura,Madoka,1980,1,28
Sakura,Ayane,1994,1,29
Sugimoto,Yuu,1975,1,29
Shitara,Mami,1984,1,29
Shimoda,Asami,1986,1,30
Higuchi,Chieko,1981,1,30
Itakura,Toshiyuki,1978,1,30
Aoyama,Yutaka,1965,1,30
Suzuki,Mariko,1970,1,30
Tsuda,Shouko,1963,1,30
Meguro,Yuuichi,1954,1,31
Horikawa,Ryou,1958,2,1
Saitou,Eri,1973,2,1
Saeki,Tomo,1973,2,2
Nishimura,Tomohiro,1961,2,2
Mizuno,Ryuuji,1952,2,2
Okamoto,Maya,1967,2,3
Chiba,Shigeru,1954,2,4
Tomatsu,Haruka,1990,2,4
Nakao,Ryuusei,1951,2,5
Kiuchi,Hidenobu,1969,2,5
Akimoto,Yousuke,1944,2,5
Shou,Mayumi,1965,2,5
Kobayashi,Yuu,1982,2,5
Noto,Mamiko,1980,2,6
Yoshino,Hiroyuki,1974,2,6
Kobayashi,Yuuko,1961,2,6
Tsuchiya,Yuuichi,1979,2,6
Tsukayama,Masane,1944,2,6
Ishige,Sawa,1979,2,7
Matsumoto,Yasunori,1960,2,7
Sonozaki,Mie,1973,2,7
Gouri,Daisuke,1952,2,8
Tsuchida,Hiroshi,1972,2,8
Kawashima,Tokuyoshi,1973,2,8
Yamazaki,Michiru,1978,2,10
Hosoya,Yoshimasa,1982,2,10
Terada,Haruhi,1973,2,11
Kawamoto,Katsuhiko,1966,2,11
Arimoto,Kinryuu,1940,2,11
Hirota,Kousei,1951,2,12
Kawasaki,Eriko,1973,2,12
Nakanishi,Tamaki,1976,2,13
Hiro,Yuuki,1965,2,13
Yamamoto,Yuriko,1960,2,13
Kishino,Kazuhiko,1934,2,14
Takamori,Natsumi,1987,2,14
Koshimizu,Ami,1986,2,15
Asakura,Azumi,1987,2,15
Endou,Aya,1980,2,17
Suzuki,Chihiro,1977,2,17
Iwao,Junko,1970,2,18
Irino,Miyu,1988,2,19
Kasahara,Hiroko,1970,2,19
Kiyasu,Kouhei,1975,2,19
Oguro,Kazuhiro,1970,2,19
Hoshino,Mitsuaki,1959,2,19
Nakamura,Yuuichi,1980,2,20
Ishinami,Yoshito,1948,2,20
Takeuchi,Ken,1978,2,20
Iwahashi,Naoya,1979,2,21
Kozakura,Etsuko,1971,2,22
Ishizu,Aya,1972,2,22
Kousaka,Atsushi,1985,2,22
Nakahara,Mai,1981,2,23
Kisaichi,Atsushi,1971,2,23
Ishii,Makoto,1976,2,24
Nagasako,Takeshi,1964,2,24
Kikuchi,Hajime,1979,2,24
Morikubo,Shoutarou,1974,2,25
Hanazawa,Kana,1989,2,25
Chiba,Chiemi,1975,2,25
Yamazaki,Shigenori,1974,2,26
Tamura,Yukari,1976,2,27
Yamagata,Kaori,1963,2,27
Ookawa,Tooru,1960,2,28
Hayamizu,Risa,1975,2,28
Gotou,Atsushi,1957,2,28
Sanpei,Yuuko,1986,2,28
Nogawa,Sakura,1978,3,1
Matsuda,Yuuki,,3,3
Iwamura,Aiko,1984,3,4
Natsuki,Rio,1969,3,5
Ochiai,Rumi,1973,3,6
Takemoto,Eiji,1973,3,7
Yamazaki,Yuuta,1981,3,8
Horie,Mitsuko,1957,3,8
Aida,Sayaka,1975,3,9
Sugiyama,Noriaki,1976,3,9
Yanaka,Hiroshi,1958,3,10
Touyama,Nao,1992,3,11
Okamura,Akemi,1969,3,12
Saitou,Chiwa,1981,3,12
Hatano,Wataru,1982,3,13
Nanri,Yuuka,1984,3,13
Fuku,Emiko,1978,3,13
Kase,Yasuyuki,1971,3,14
Futamata,Issei,1955,3,15
Yara,Yuusaku,1948,3,15
Itou,Hiroshi,1933,3,15
Mikimoto,Yuuji,1948,3,15
Nojima,Kenji,1976,3,16
Yasumoto,Hiroki,1977,3,16
Ichinose,Hidekazu,1975,3,16
Hotta,Masaru,1980,3,17
Tagaki,Shun,1981,3,17
Tsuda,Eizou,1948,3,17
Miki,Shinichirou,1968,3,18
Kusunoki,Taiten,1967,3,18
Ootani,Ryousuke,1954,3,18
Nakata,Kazuhiro,1958,3,19
Asakawa,Yuu,1975,3,20
Matsutani,Kaya,1970,3,20
Yamazaki,Wakana,1965,3,21
Shiratori,Tetsu,1972,3,21
Hori,Hideyuki,1954,3,23
Ikura,Kazue,1959,3,23
Tahara,Aruno,1949,3,23
KENN,,1982,3,24
Ogata,Mitsuru,1961,3,24
Yamaguchi,Ken,1956,3,24
Miura,Hiroaki,1977,3,24
Sasanuma,Akira,1973,3,25
Abe,Atsushi,1981,3,25
Shibata,Hidekatsu,1937,3,25
Inoue,Kazuhiko,1954,3,26
Shimizu,Ai,1981,3,26
Yuuki,Aoi,1992,3,27
Kishio,Daisuke,1974,3,28
Yasumura,Makoto,1975,3,28
Suwabe,Junichi,1972,3,29
Tsuru,Hiromi,1960,3,29
Ishikawa,Shizuka,1971,3,29
Ogata,Kenichi,1942,3,29
Hayashibara,Megumi,1967,3,30
Kawasumi,Ayako,1976,3,30
Sakamoto,Maaya,1980,3,31
Shintani,Ryouko,1981,3,31
Kujira,,1961,4,1
Namikawa,Daisuke,1976,4,2
Matsuyama,Takashi,1960,4,2
Murayama,Akira,1948,4,2
Seto,Asami,1993,4,2
Tominaga,Miina,1966,4,3
Matsui,Naoko,1961,4,4
Furuta,Nobuyuki,1958,4,4
Takeuchi,Junko,1972,4,5
Han,Keiko,1953,4,5
Fujita,Toshiko,1950,4,5
Nojima,Akio,1945,4,6
Asou,Miyoko,1926,4,7
Nagai,Sachiko,1975,4,8
Tani,Ikuko,1939,4,9
Sugiyama,Kazuko,1947,4,9
Ikemizu,Michihiro,1943,4,11
Ichijou,Kazuya,1966,4,11
Asai,Kiyomi,1974,4,12
Hamada,Kenji,1972,4,12
Hanioka,Yukiko,1972,4,12
Ueki,Makoto,1977,4,13
Yamazaki,Takumi,1964,4,14
Yada,Kouji,1933,4,15
Nojima,Hirofumi,1973,4,16
Kuroda,Takaya,1965,4,17
Maeda,Ai,1975,4,19
Inoue,Gou,1978,4,19
Konishi,Katsuyuki,1973,4,21
Shimono,Hiro,1980,4,21
Sakenobe,Mika,1975,4,21
Nakata,Jouji,1954,4,22
Shitaya,Noriko,1982,4,22
Kikuchi,Masami,1960,4,24
Nagata,Yuuji,1968,4,24
Nazuka,Kaori,1985,4,24
Fujiwara,Yuuki,1981,4,24
Kawakami,Tomoko,1970,4,25
Tsujitani,Kouji,1962,4,26
Mochizuki,Hisayo,1978,4,27
Nishihara,Kumiko,1965,4,27
Toyonaga,Toshiyuki,1984,4,28
Ono,Miyuki,1959,4,28
Oohashi,Ayuru,1984,4,28
Tachiki,Fumihiko,1961,4,29
Satou,Rina,1981,5,2
Midorikawa,Hikaru,1968,5,2
Ono,Daisuke,1978,5,4
Ebara,Masashi,1953,5,4
Yajima,Akiko,1967,5,4
Kasahara,Ryuuji,1967,5,4
Koyasu,Takehito,1967,5,5
Takayama,Minami,1964,5,5
Shimaka,Yuu,1949,5,6
Matsuda,Shigeharu,1952,5,7
Satou,Satomi,1986,5,8
Hoshino,Takanori,1980,5,8
Yanada,Kiyoyuki,1965,5,10
Yamaguchi,Mayumi,1975,5,12
Kondou,Takeshi,1979,5,12
Majima,Junji,1978,5,13
Nakamura,Chie,1978,5,14
Imai,Asami,1977,5,16
Satou,Akemi,1972,5,16
Toriumi,Kousuke,1973,5,16
Tomizawa,Kazato,1996,5,17
Ootsuka,Houchuu,1954,5,19
Sakuya,Shunsuke,1965,5,20
Genda,Teshou,1948,5,20
Shimizu,Kaori,1983,5,21
Eguchi,Takuya,1987,5,22
Imaruoka,Atsushi,1972,5,23
Yamaguchi,Kappei,1965,5,23
Asada,Youko,1969,5,23
Iizuka,Shozou,1933,5,23
Yukino,Satsuki,1970,5,25
Maeno,Tomoaki,1982,5,26
Sueyoshi,Kazuya,1978,5,26
Touchi,Hiroki,1966,5,26
Iwasaki,Hiroshi,1953,5,29
Hayami,Saori,1991,5,29
Kaneda,Tomoko,1973,5,29
Takahashi,Mikako,1980,5,29
Hoshi,Souichirou,1972,5,30
Kugimiya,Rie,1979,5,30
Hidaka,Noriko,1962,5,31
Sakakibara,Yoshiko,1956,5,31
Soumi,Youko,1965,5,31
Murakawa,Rie,1990,6,1
Kawashima,Chiyoko,1954,6,2
Sawashiro,Miyuki,1985,6,2
Nishimura,Tomomichi,1946,6,2
Saitou,Ayaka,1988,6,2
Yamaji,Kazuhiro,1954,6,4
Hirakawa,Daisuke,1973,6,4
Noumi,Kayo,1976,6,4
Nakajima,Megumi,1989,6,5
Inokuchi,Yuka,1978,6,5
Kondou,Takayuki,1978,6,5
Yamaguchi,Tarou,1970,6,6
Ogata,Megumi,1965,6,6
Miyano,Mamoru,1983,6,8
Tsuda,Minami,1989,6,8
Nonaka,Ai,1981,6,8
Kobayashi,Akiko,1958,6,9
Ueda,Kana,1980,6,9
Canna,Nobutoshi,,6,10
Ootsubo,Yuka,,6,11
Aragaki,Yui,,6,11
Tsuda,Kenjirou,,6,11
Seki,Toshihiko,,6,11
Saiga,Mitsuk,,6,12
Yamada,Eiko,,6,13
Sakurai,Takahiro,,6,13
Mizushima,Takahiro,,6,14
Araki,Hirofumi,,6,14
Ueda,Yuuji,,6,15
Hidaka,Rina,,6,15
Watanabe,Keiko,,6,16
Yamadera,Kouichi,,6,17
Yao,Kazuki,,6,17
Kakazu,Yumi,,6,18
Kobayashi,Yumiko,,6,18
Tsuji,Ayumi,,6,18
Namiki,Noriko,,6,19
Tanii,Asuka,,6,19
Suzuki,Mie,,6,20
Kawahara,Yoshihisa,,6,22
Taketatsu,Ayana,,6,23
Yoku,Shioya,,6,24
Iwanaga,Tetsuya,,6,24
Isshin,Chiba,,6,26
Mizuhara,Kaoru,,6,26
Minaguchi,Yuuko,,6,26
Takeshi,Konomi,,6,26
Natsuki,Hanae,,6,26
Mimori,Suzuko,,6,28
Kimura,Akiko,,6,28
Noda,Junko,,6,29
Ishii,Kouji,,7,1
Inada,Tetsu,,7,1
Satou,Chie,,7,1
Satou,Masaharu,,7,1
Godai,Takayuki,,7,1
Yamamoto,Taisuke,,7,2
Tada,Aoi,,7,3
Sakurai,Toshiharu,,7,3
Katsu,Anri,,7,3
Nagashima,Yuuko,,7,3
Arai,Satomi,,7,4
Ootsuka,Chikao,,7,5
Hanawa,Eiji,,7,6
Itou,Yuusuke,,7,7
Suyama,Akio,,7,8
Yabe,Masashi,,7,9
Kiuchi,Reiko,,7,10
Mori,Katsuji,,7,10
Ogata,Aikou,,7,10
Nagasawa,Miki,,7,11
Iguchi,Yuka,,7,11
Komiya,Kazue,,7,12
Nanjou,Yoshino,,7,12
Taneda,Risa,,7,12
Kawamoto,Naru,,7,13
Omi,Minami,,7,13
Nishi,Rintarou,,7,15
Furukawa,Toshio,,7,16
Hikasa,Youko,,7,16
Kohara,Masakazu,,7,18
Kumagaya,Niina,,7,18
Itou,Eiji,,7,21
Katougi,Satoshi,,7,21
Tsumura,Makoto,,7,22
Nomura,Kenji,,7,23
Horie,Kazuma,,7,23
Umezu,Hideyuki,,7,24
Takagi,Wataru,,7,25
Ugaki,Hidenari,,7,25
Kirimoto,Takuya,,7,27
Madono,Mitsuaki,,7,28
Ootaki,Shinya,,7,29
Horiuchi,Kenyuu,,7,30
Kimura,Ryouhei,,7,30
Iwata,Mitsuo,,7,31
Furuya,Tooru,,7,31
Morita,Junpei,,8,1
Sugo,Takayuki,,8,1
Nakano,Seiko,,8,2
Yamano,Satoko,,8,2
Hayami,Shou,,8,2
Furusawa,Tooru,,8,3
Murozono,Takehiro,,8,3
Doi,Mika,,8,4
Miyauchi,Kouhei,,8,4
Hino,Satoshi,,8,4
Nabatame,Hitomi,,8,4
Shirokuma,Hiroshi,,8,4
Hirohashi,Ryou,,8,5
Suzuki,Katsumi,,8,5
Ishihara,Kaori,,8,6
Hirata,Hiroaki,,8,7
Togashi,Misuzu,,8,7
Fukami,Rica,,8,8
Shiraishi,Miho,,8,8
Mugihito,,,8,8
Taniyama,Kishou,,8,11
Fukuhara,Kaori,,8,11
Kouji,Yusa,,8,12
Asumi,Kana,,8,12
Nagano,Ai,,8,13
Honda,Takako,,8,14
Ogura,Yui,,8,15
Kitamura,Eri,,8,16
Uchiyama,Kouki,,8,16
Sakamoto,Chika,,8,17
Kouzou,Shioya,,8,18
Kanada,Aki,,8,18
Ootani,Ikue,,8,18
Shiratori,Yuri,,8,20
Gouda,Hozumi,,8,22
Miyake,Kenta,,8,23
Makishima,Naoki,,8,23
Hiyama,Nobuyuki,,8,25
Sawaki,Ikuya,,8,25
Asano,Masumi,,8,25
Hari,Kaneko,,8,26
Chiba,Saeko,,8,26
Yoshida,Mayumi,,8,26
Nanba,Keiichi,,8,26
Kobayashi,Michitaka,,8,28
Mizuhashi,Kaori,,8,28
Gotou,Yuuko,,8,28
Yanami,Jouji,,8,30
Hiramatsu,Akiko,,8,31
Saitou,Shirou,,8,31